EmployeeID,PositionID,First_Name,Last_Name,DepartmentID,salary
1,361,Darell,Berresford,399,10839
2,133,Florenza,Sproson,255,16070
3,275,Rhona,Good,174,23303
4,7,Glynn,McKyrrelly,322,26009
5,252,Gaspard,Kerfut,360,11455
6,142,Karalee,Skayman,328,18267
7,67,Nadya,Callway,13,22216
8,163,Van,Carruth,219,12211
9,250,Franciska,Newlands,32,22237
10,146,Vinny,Paynter,66,25902
11,231,Illa,Felmingham,206,16327
12,16,Justina,Franceschino,158,18454
13,217,Modesty,Pauleau,321,28330
14,175,Carroll,Grummitt,16,29424
15,257,Gerrard,Anfusso,311,24895
16,14,Linnea,Gallo,245,14515
17,76,Lanny,Raddenbury,62,18364
18,160,Joe,Emlyn,166,15369
19,173,Ashien,Brazer,214,29563
20,107,Ulysses,Ackery,354,24369
21,80,Ethan,Phonix,283,25838
22,384,Cornela,Jahndel,278,26508
23,239,Abbie,Licciardi,145,25479
24,399,Ramona,Wisker,278,10228
25,335,Marcos,Ibbett,319,13157
26,365,Heddi,Sommerville,273,23135
27,374,Tallou,Adanet,52,20046
28,397,Duane,Tippings,195,22903
29,342,Ruprecht,Overil,139,14174
30,381,Ofella,Born,228,17413
31,137,Barton,Rutt,227,14701
32,100,Feodora,Gregoraci,244,11930
33,151,Gabi,Affron,176,17334
34,172,Neill,Pauler,8,15243
35,367,Upton,Seifenmacher,291,29834
36,370,Carlin,Hagan,163,22261
37,110,Celene,Grimm,248,15822
38,225,Munroe,Kayne,274,21676
39,108,Kelly,Etches,201,24614
40,332,Avrit,Cosson,281,22671
41,393,Paula,Learoid,98,27547
42,95,Fulvia,McAnulty,185,25232
43,310,Reggy,Thoms,299,10314
44,273,Beatriz,Robison,36,20047
45,242,Reidar,Woolford,293,27302
46,382,Caitlin,Elvins,190,22089
47,145,Lurline,Shearston,19,25000
48,391,Cynthea,Hambridge,203,21202
49,94,Clark,Abdee,350,22792
50,165,Monroe,Smedmore,391,11264
51,328,Normy,Kardos,140,20037
52,213,Edgardo,Guiet,281,29235
53,380,Lyndsie,Valentetti,55,19268
54,155,Roarke,Sherburn,30,14648
55,358,Morganica,Guile,166,24097
56,51,Forrest,Farrent,336,25510
57,197,Daria,Farquarson,278,11962
58,322,Amelia,Schmuhl,332,13824
59,324,Rici,Arch,166,17485
60,224,Avictor,Olexa,302,21419
61,390,Padget,Gowrie,175,29737
62,284,Vittoria,Franzetti,134,27950
63,113,Ula,Graveston,297,10341
64,366,Marmaduke,Giberd,111,26732
65,40,Lukas,Fricker,374,13619
66,41,Faun,Lejeune,133,23499
67,274,Erich,Vondra,143,17825
68,127,Page,Burkert,179,17901
69,37,Gonzalo,Gennrich,106,19216
70,340,Allina,Waplinton,71,19453
71,299,Hurleigh,Dayley,187,15739
72,378,Leia,Kirton,264,15420
73,327,Dari,Risbridger,286,23067
74,289,Tamara,Bedwell,380,13541
75,105,Christoph,Yakobowitz,126,17378
76,189,Adaline,Greasley,285,18026
77,21,Cleavland,McGowan,166,25620
78,205,Gilligan,Cuss,47,17900
79,166,Ulla,Santorini,135,17060
80,188,Katinka,Kures,309,22007
81,30,Manon,Sanches,8,23289
82,237,Crissie,Beurich,125,16842
83,75,Willdon,Tilby,395,10714
84,297,Briggs,Landsman,324,27493
85,352,Maximilian,Wanless,28,28478
86,207,Verge,Goodered,106,17357
87,179,Robenia,Widdall,286,28277
88,101,Hobie,Whatham,197,14547
89,330,Saree,Skrzynski,101,20885
90,356,Brant,Kordovani,397,21413
91,251,Gerri,Lean,352,24132
92,396,Adriano,Bonass,285,26671
93,312,Zelig,Butson,225,21028
94,77,Augustina,Pinhorn,173,14488
95,228,Raina,Kauschke,189,20185
96,360,Keane,Bossel,60,23878
97,255,Elsi,Hellin,14,10515
98,209,Gertrude,Drust,194,15861
99,70,Eada,Petican,180,14986
100,174,Neille,Radage,256,18211
101,288,Gisella,Channon,337,15762
102,338,Ali,Guisot,269,14504
103,158,Antonia,Minico,235,23396
104,31,Vally,Stilly,298,19900
105,92,Viva,Sanford,396,27726
106,74,Marielle,Witnall,105,17384
107,6,Omero,Ricardon,367,25634
108,265,Bentlee,Kidston,311,12330
109,392,Gerry,Linke,352,19645
110,27,Adriano,Digger,330,12587
111,87,Fonsie,Sweed,79,24212
112,388,Gauthier,Cassin,15,10536
113,97,Clement,Kapiloff,327,18361
114,296,Lynette,Bellison,104,16391
115,168,Corry,Mascall,145,16769
116,128,Annabel,Lindberg,38,22494
117,156,Rosabelle,Strase,41,17224
118,215,Alon,Negri,380,21160
119,22,Ki,Librey,160,11091
120,236,Vaclav,Downe,148,22182
121,69,Savina,Dashkovich,274,19058
122,15,Serge,Dowty,64,24751
123,194,Marybeth,Kerkham,268,27993
124,276,Maddalena,Goodwin,357,27433
125,111,Pippa,Hanbridge,233,19793
126,93,Nicol,Sille,307,15062
127,183,Meggi,Morin,388,15553
128,283,Lauretta,Marling,143,19856
129,201,Fransisco,Rhodes,222,25774
130,130,Olav,Dalzell,143,11923
131,371,Chase,Peploe,241,15144
132,308,Trumann,Treweek,128,15388
133,181,Darby,Janus,134,17040
134,269,Romona,Rastall,160,27850
135,169,Lyndsay,Towson,131,18266
136,161,Debbi,Barge,315,15256
137,206,Ollie,Kilian,243,27329
138,234,Aldon,Ingerson,303,29604
139,347,Dimitri,MacRanald,160,10404
140,56,Ellynn,Laise,272,29054
141,35,Kalle,Caldecutt,12,28299
142,387,Ursulina,Marusic,167,18646
143,198,Emeline,Poupard,369,27292
144,267,Janelle,Dallon,192,21603
145,249,Christina,Merryman,395,14129
146,84,Ofelia,Murra,283,14911
147,152,Bordie,Swinley,335,18262
148,103,Evangelina,Swindell,293,14851
149,219,Elsy,Livzey,365,28127
150,13,Mitchael,Mannix,201,29548
151,244,Lilian,Larrosa,176,14935
152,91,Rice,Gass,400,22293
153,186,Jerrie,Gavriel,304,11884
154,315,Leesa,Vassall,134,20737
155,154,Ailsun,Syder,130,25308
156,165,Bink,Beswell,309,25659
157,386,Corenda,Dalton,215,29297
158,374,Bertha,Bedow,271,15154
159,235,Adriane,Livett,142,15348
160,147,Jerrylee,Curuclis,72,22154
161,318,Shea,Nardoni,391,22396
162,39,Concettina,Bellelli,75,18379
163,167,Giacopo,Zotto,279,26496
164,213,Florry,Youings,43,15961
165,275,Lauren,Bass,216,17095
166,40,Hasheem,De Lascy,294,29357
167,109,Joey,Stott,172,18896
168,148,Caleb,Stading,238,24856
169,149,Gerri,Aronson,366,16552
170,188,Fayre,Petschel,37,19229
171,170,Dennison,Cleal,400,20874
172,15,Cordula,Swancock,309,24321
173,34,Nichols,Gooke,256,20678
174,277,Chrissie,Wharf,248,23218
175,54,Yetty,Witcomb,195,24370
176,193,Astrid,Probert,191,29852
177,250,Jereme,Redler,249,17159
178,296,Bunny,Shearn,360,11337
179,60,Jackson,Chiechio,61,14389
180,164,Yancy,Leppard,144,17686
181,295,Loraine,Dumphries,352,27058
182,253,Natalie,Kinver,361,14278
183,359,Jeanie,Jeune,227,25887
184,173,Lurette,Bowller,283,15419
185,226,Jeanine,Iacovazzi,248,29229
186,372,Perle,Langland,186,21862
187,288,Katrinka,Mockford,104,28286
188,313,Hal,Dartnall,254,18110
189,179,Rutherford,Klasen,236,23339
190,368,Nannette,Paoloni,331,29149
191,166,Marion,Bunyard,123,15853
192,172,Garry,Rowledge,30,22947
193,258,Con,Clackers,124,12887
194,156,Theodosia,Frowing,21,16852
195,361,Filmer,Bonsall,188,16110
196,89,Leandra,Thiolier,10,21597
197,346,Stefa,Woodfield,110,10543
198,375,Jeromy,Quilliam,95,13335
199,30,Odille,Warrell,43,26880
200,319,Spence,Bayman,206,25918
201,130,Say,Wooff,204,10216
202,28,Dewie,Boynes,281,27029
203,133,Sophronia,Davidovich,219,21582
204,78,Cyrille,Vockins,323,23479
205,363,Pearla,Montez,177,17532
206,264,Camella,Attril,191,11861
207,105,Melina,Sextone,244,12226
208,31,Ferguson,Stuckford,70,27122
209,314,Lynsey,Mossop,222,13570
210,19,Lyn,Helis,344,16751
211,353,Griffie,Inkpin,18,22842
212,108,Rebe,Godar,325,26684
213,58,Percival,Skule,117,11286
214,73,Jasmine,Castellone,307,28668
215,317,Tarah,Attkins,335,15561
216,259,Modestine,Vaillant,388,12103
217,310,Gloria,Jurczik,106,19528
218,107,Maxim,Avrahamian,77,20081
219,329,Sinclare,Cowe,106,29311
220,357,Chaim,Sidery,8,11941
221,358,Stevana,Lamlin,24,26519
222,129,Sharia,Cotte,65,26386
223,7,Kara-lynn,Stollenhof,373,14542
224,286,Margy,Piggrem,332,24457
225,185,Angelita,Conkling,141,13801
226,356,Joellen,Speechley,267,12710
227,276,Raddy,McIlveen,331,22375
228,96,Daryle,Baudic,287,11327
229,321,Julienne,Winspur,64,25759
230,174,Aloin,Bignall,126,20413
231,68,Clim,Burn,21,25593
232,355,Almire,Oguz,361,29447
233,217,Matthias,Crowd,138,21300
234,283,Gweneth,Antonopoulos,239,22201
235,390,Spike,McTerry,179,17539
236,125,Kerry,Cotterel,356,14166
237,252,Brigitte,Byass,198,23346
238,209,Geoff,Trye,174,13923
239,95,Arabel,Plows,320,24394
240,336,Graig,Gremane,376,23321
241,260,Allison,Stickney,168,28318
242,155,Merrill,Flemming,332,12775
243,232,Ashien,Alway,242,11356
244,82,Simmonds,Gregg,345,17774
245,176,Woodie,Dimbleby,310,25174
246,190,Alleyn,Hamshere,209,28293
247,312,Ethe,Haster,235,14415
248,338,Tabitha,Slarke,318,19098
249,249,Jeremias,Baiyle,57,22566
250,71,Wren,Spraging,16,26859
251,379,Ame,Machent,74,27168
252,265,Doy,Seeviour,27,17810
253,380,Mil,Cowdery,220,29020
254,237,Merrel,Witchard,200,27085
255,20,Elsworth,Jozef,172,19646
256,384,Livia,Burhouse,4,19807
257,53,Waylin,Basson,284,17769
258,22,Wait,Evins,327,14170
259,234,Emilie,Gherarducci,109,25234
260,55,Yardley,Darlow,74,15680
261,140,Brenda,Strewther,259,19217
262,27,Jinny,McRobbie,282,27192
263,134,Gasparo,Beardsley,168,25834
264,261,Keen,Antoniazzi,57,18689
265,309,Alphard,Rosenkranc,29,18755
266,327,Alexander,Chillingsworth,20,11242
267,9,Kevon,Benedito,291,12619
268,369,Woody,Ould,171,27739
269,14,Maison,Summers,99,19397
270,298,Peggi,Balasin,81,15067
271,98,Shaylyn,De Carlo,248,10636
272,92,Art,Gatenby,248,25594
273,25,Kiley,Cancellario,346,27834
274,209,Eadith,Bennedick,86,18248
275,31,Babita,Andrioletti,200,21893
276,153,Clayborn,Gaydon,361,12776
277,212,Leanora,Alldridge,159,13718
278,381,Dom,Carle,163,10894
279,337,Tamiko,Firmager,118,11731
280,211,Georas,Sreenan,127,16297
281,24,Mella,Charrington,343,11925
282,105,Kennedy,Nerval,116,23311
283,146,Alexine,Tween,18,19877
284,93,Oren,Ganiclef,58,23322
285,190,Abigael,Fear,144,24302
286,375,Loni,Moscon,109,29367
287,358,Ned,Belk,153,21486
288,161,Evangelina,Stears,187,19010
289,97,Rica,Gallear,244,11921
290,374,Dani,Trench,319,27963
291,83,Geri,Luciano,340,13729
292,155,Burtie,Swarbrigg,288,20210
293,104,Aguistin,Borthram,198,18173
294,384,Traci,Corner,289,28796
295,373,Angele,Sothern,98,17142
296,147,Clement,Veeler,38,17894
297,223,Ross,Dallimare,392,13888
298,133,Grissel,Arsey,349,27017
299,283,Ivett,Deely,68,16959
300,365,Gabbie,MacRory,160,17907
301,225,Merissa,Marrett,249,27582
302,285,Mattie,Greene,242,10387
303,271,Khalil,Lindenbluth,321,25209
304,254,Marc,Rubinowitz,7,23850
305,236,Roshelle,Azam,387,22332
306,393,Wenona,Nanson,56,29309
307,326,Padget,Belly,18,12705
308,52,Lindi,Carville,54,10467
309,179,Merv,Balk,29,10040
310,245,Judon,Milward,49,13375
311,27,Georgy,Lingwood,254,18554
312,377,Danni,Sibbering,249,11277
313,243,Ulberto,Disdel,208,29254
314,257,Amata,Burstowe,177,20307
315,26,Alvin,Keoghane,12,24316
316,260,Ira,Tomsett,157,23888
317,30,Mayor,Denman,70,23467
318,45,Teddy,Fenton,245,24349
319,268,Joellen,Brew,162,21474
320,361,Laural,Eakins,274,28126
321,21,Willetta,Fidock,64,21954
322,124,Pace,Goburn,254,16496
323,82,Nikola,Allwood,2,14689
324,91,Alec,Wyett,114,14080
325,35,Egan,Kaspar,248,13209
326,198,Even,Bonsall,395,19857
327,68,Janina,Bednell,175,23197
328,247,Cordelie,Maben,74,24971
329,213,Susann,Perris,293,15099
330,186,Flossi,Strass,19,25511
331,54,Fulton,Grieves,397,27553
332,364,Karlik,Duberry,201,14347
333,187,Cinda,Craxford,219,26631
334,75,Jacquette,Cyseley,319,20853
335,329,Beverlee,Fain,352,27525
336,352,Reece,Adamthwaite,20,13901
337,395,Kaylee,Meininking,139,11480
338,369,Eadie,Hynard,239,12219
339,192,Sarette,Sproston,3,22644
340,267,Antin,Sackes,209,13285
341,330,Arielle,Woolgar,150,21784
342,14,Loreen,Maunton,138,15641
343,350,Mirella,O'Grady,133,12817
344,113,Eugenia,Tomek,372,26945
345,134,Patsy,Shall,245,18925
346,50,Darell,Balaizot,51,19092
347,165,Marinna,Couves,158,14734
348,74,Kaiser,Pontefract,223,29094
349,139,Pippa,Bailey,193,12088
350,251,Dodi,Idale,265,12522
351,348,Patty,Dungay,370,12980
352,336,Lemuel,Eastes,121,14477
353,81,Genna,Corneille,339,18678
354,191,Kendrick,Foker,398,19299
355,396,Ernie,Garatty,170,14736
356,180,Creighton,Ponde,316,27970
357,388,Hashim,Showell,150,18228
358,371,Logan,Perch,347,20393
359,227,Heinrik,Peachman,197,29947
360,240,Shalne,Kingzet,339,14476
361,51,Arlyne,Bevan,53,10570
362,107,Chrissy,Jorgensen,16,29314
363,316,Julee,Besque,186,29038
364,263,Miquela,Esh,375,17425
365,261,Pia,Kitter,102,12369
366,347,Junina,McNuff,335,10161
367,85,Sianna,Rothschild,146,18971
368,173,Madelaine,Calleja,98,21074
369,315,Dyna,Haller,200,17409
370,327,Harper,Hairyes,344,28336
371,11,Laverne,Saing,208,15760
372,343,Evie,Tuminelli,180,24995
373,217,Ernaline,Huge,32,26295
374,339,Dorey,Hellin,377,11861
375,64,Walker,Wolland,269,12348
376,387,Kip,Simakov,273,15349
377,108,Robinett,Slegg,390,11680
378,378,Howard,Gorgl,38,21249
379,152,Randell,Wagenen,220,14984
380,325,Sasha,Godman,375,14983
381,206,Gerrie,Blodgetts,195,24121
382,18,Emilio,McGuinness,261,28217
383,303,Anne-marie,Cars,101,15399
384,174,Mychal,Chicken,125,10307
385,226,Eran,Luker,199,18342
386,131,Estella,Kitchenman,351,12051
387,299,Brianne,Elmhurst,333,10905
388,88,Lynnet,Mil,16,20114
389,333,Aluin,Reynault,344,24470
390,167,Godfrey,Norton,211,28270
391,3,Janina,Ivashnyov,10,27517
392,151,Tobias,Kimber,335,10343
393,25,Em,Payley,353,22562
394,67,Phillida,Suddock,397,28926
395,189,Natala,Grocock,91,20849
396,34,Cori,Dinnage,313,16870
397,249,Olga,Bes,189,14110
398,344,Bartram,Diggin,45,27670
399,341,Rusty,Dawdary,103,11257
400,42,Northrop,Lippitt,42,16278
